name,uri,followers,genres,popularity,top_tracks
Henrique & Juliano,spotify:artist:3p7PcrEHaaKLJnPUGOtRlT,29426003,sertanejo; sertanejo universitário; arrocha; agronejo,89,Última Saudade - Ao Vivo; Saudade De Quem Eu Sou - Ao Vivo; Seja Ex - Ao Vivo; Amigo Da Minha Saudade - Ao Vivo; Romântico - Ao Vivo; De Trás Pra Frente - Ao Vivo; Aquela Pessoa - Ao Vivo; Como É Que A Gente Fica - Ao Vivo; Meu Amor - Ao Vivo; Briga Feia - Ao Vivo
Grupo Menos É Mais,spotify:artist:6vTqEFbTtTRJsuIpzZgjxi,5719937,pagode; samba,87,P do Pecado - Ao Vivo; Pela Última Vez - Ao Vivo; Coração Partido (Corazón Partío) - Ao Vivo; Grau de Maluca - Ao Vivo; Aquele Lugar - Ao Vivo; Bebe e Vem Me Procurar / Quem Ama Sente Saudade (Ao Vivo); Lapada Dela - Ao Vivo; Adorei; Nada Com Nada - Ao Vivo; Jejum de Amor / Caixa Postal / Vida Vazia - Ao Vivo
Jorge & Mateus,spotify:artist:1elUiq4X7pxej6FRlrEzjM,23790520,sertanejo; sertanejo universitário; arrocha; agronejo,84,"Cantada Boba - Ao Vivo; Logo Eu; A Grama do Vizinho - Ao Vivo; Xonei; Marca Evidente; Tem Amor, Tem Volta - Ao Vivo; Anti Amor - Ao Vivo; Haverá Sinais - Ao Vivo; Pra Sempre Com Você - Ao Vivo; Amo Noite E Dia - Live In Sao Paulo / 2010"
Zé Neto & Cristiano,spotify:artist:487N2T9nIPEHrlTZLL3SQs,22503705,sertanejo; sertanejo universitário; arrocha; agronejo,83,Escondendo o Ouro - Ao Vivo; Veneno - Ao Vivo; Vai Cair Água - Ao Vivo; Resumindo - Ao Vivo; Notificação Preferida - Ao Vivo; Dubai - Ao Vivo; Pulando o Muro - Ao Vivo; Largado Às Traças - Ao Vivo; Barulho Do Foguete - Ao Vivo; Bebida Na Ferida - Ao Vivo
Matheus & Kauan,spotify:artist:2Z0lRIqr997lIUiPtrpKCr,12787168,sertanejo; sertanejo universitário; arrocha; agronejo,82,Ilusão De Ótica - Ao Vivo; Cronômetro - Ao Vivo; Quarta Cadeira - Ao Vivo; Vou Ter Que Superar - Ao Vivo; Triplex - Ao Vivo; Todo Sol - Ao Vivo; Que Sorte A Nossa - Ao Vivo; Nessas Horas - Ao Vivo; Decide Aí - Na Praia / Ao Vivo; A Nossa Praia - Ao Vivo
Gusttavo Lima,spotify:artist:7MiDcPa6UiV3In7lIM71IN,23252055,sertanejo; sertanejo universitário; arrocha; agronejo; piseiro; forró,82,Retrovisor; Pelo Bem da Minha Saudade; Balada - Ao Vivo; Saudade e Cabelos Brancos; Sofro e Não Nego; Proibido Terminar - Ao Vivo; Medida Protetiva - Ao Vivo; Culpa; Canudinho - Ao Vivo; A Noite (La Notte) - Ao Vivo
Mc IG,spotify:artist:2q9wk5fkeU2C9CgCKdh4AN,10656218,brazilian funk; trap funk; funk consciente,82,Ta Rico Os Menino Do Gueto 🍀; Pé na Areia; Sexta Feira Hoje Tem; Feliz no Simples 🍀; 3 Dias Virado; Contagem Regressiva; 400K; Let's Go 4; Jacob & Co.; Noite Fria
Mc Gw,spotify:artist:0f1IECbrVV952unZkzrsg2,1595213,phonk; brazilian phonk; brazilian funk; funk carioca,81,SEQUÊNCIA FEITICEIRA; MEGA YOU WILL SEE; Até Quebrar a Cama 2.0; Sequência da Botação; ACIDO; MONTAGEM - PR FUNK; SEQUÊNCIA STRIPTEASE; Vem Novinha pro Cafofo; Cachorrinha de Madame; BOTA UM FUNK
Mc Rodrigo do CN,spotify:artist:54bV1pHNm5h5EcEgMis1RC,284337,brazilian funk; funk de bh; funk carioca,81,FAMOSINHA; SEQUÊNCIA FEITICEIRA; VAI NO CHÃO BANDIDA; Meu Carro nao tem Porta Luva - Remastered 2024; Oh Garota Eu Quero Você Só Pra Mim.; Tipo Nino Abravanel; Construção de Amor; Teu Preferido; Cada Vez Mais Gostosa; Ela Quer Sentar Pros Maloka
Simone Mendes,spotify:artist:2eK9gcJQ6uqVvJL63dnOM3,3650938,sertanejo; sertanejo universitário; forró; piseiro; pagode; agronejo; arrocha,81,P do Pecado - Ao Vivo; Saudade Burra - Ao Vivo; Saudade Proibida - Ao Vivo; Me Ama Ou Me Larga - Ao Vivo; Erro Gostoso - Ao Vivo; Dois Tristes - Ao Vivo; Eu Menti - Ao Vivo; Mulher Foda - Ao Vivo; Dois Fugitivos - Ao Vivo; Daqui pra Sempre
Ana Castela,spotify:artist:2CKOmarVWvWqkNWUatHCex,9327015,sertanejo; agronejo; sertanejo universitário; piseiro,81,Ilusão De Ótica - Ao Vivo; Olha Onde Eu Tô; Todo Mundo Menos Eu - Ao Vivo; Princesa - Ao Vivo; Rodeio no Texas 🐂; Peça Íntima; Sem Você; Sigo Sofrendo - Ao Vivo; Nosso Quadro; Foi Intenso - Ao Vivo
Veigh,spotify:artist:4YqwRbMLqGHRHLS1w2ZKse,6148377,brazilian trap; trap funk; trap; brazilian hip hop,81,Artista Genérico; Talvez você precise de mim; Imagina esse Cenário; Mônaco Freestyle; Novo Balanço; Engana Dizendo Que Ama; CONFISSÕES PT2; Taylor; Ballena; Loucura
Natanzinho Lima,spotify:artist:0Il5vC8lqunSFNav4mMLxU,1806397,arrocha; seresta; forró; brega; piseiro; sertanejo,81,Mentira Estampada; Pilantra e Meio; Uma e Quinze da Manhã; Me Apaixonei Nessa Morena; Sonho de Amor - Ao Vivo; Logo Eu - Ao Vivo; Me Apaixonei Nessa Morena - Ao Vivo; Fazer Amor é Diferente de Amar - Ao Vivo; Laranjinha; Tô Gritando Socorro - Ao Vivo
Panda,spotify:artist:5qIpstBGrGteJZg1xIvbiz,152592,sertanejo; sertanejo universitário,80,Baqueado - Ao Vivo; 12 Horas / Pra Você Acreditar - Ao Vivo; Má Influência - Ao Vivo; Tem Que Ser Você / O Que Combina Comigo É Você - Ao Vivo; Nos Bares da Cidade / Sem Direção - Ao Vivo; Agora / Um Sonho Louco / Não Posso Ter Medo de Amar - Ao Vivo; Um Dia Te Levo Comigo / Do Brasil à Argentina - Ao Vivo; Decida / Seu Amor Ainda É Tudo - Ao Vivo; Tudo Que Vai / Tempo Perdido - Ao Vivo; ACENDE UM ISQUEIRO
Diego & Victor Hugo,spotify:artist:3k68C6mNMJL6OaAdWeW2ZF,3753788,sertanejo; sertanejo universitário; arrocha; piseiro; agronejo,80,Tubarões - Ao Vivo; Entregador de Flor - Ao Vivo em Brasília; Dama do Baralho - Ao Vivo; Camisola e Fio - Ao Vivo; Desbloqueado - Ao Vivo; O Alvo (feat. Henrique & Juliano) - Ao Vivo; Áudio - Ao Vivo em Brasília; Respeitando Minha Saudade - Ao Vivo; Bobo é Eu; Andar de Baixo - Ao Vivo
Supernova Ent,spotify:artist:3prRKGJz16RRMRSIM97nHw,254930,brazilian trap; trap funk; trap; brazilian hip hop,80,"Artista Genérico; Talvez você precise de mim; Mônaco Freestyle; Novo Balanço; Engana Dizendo Que Ama; CONFISSÕES PT2; Taylor; Adora a bunda, odeia o rosto (feat. Veigh & Niink); Ausência; Hiperfoco"
Hugo & Guilherme,spotify:artist:1LIuN7ov1IBQDdLsU83ojl,3175714,sertanejo; sertanejo universitário; agronejo; arrocha,79,Ama Um Maloqueiro; Todo Mundo Menos Eu - Ao Vivo; O Meu Coração Em Suas Mãos (Colgando en tu manos) - Ao Vivo; Foi Mal Deus - Ao Vivo; Mentirosa - Ao Vivo; Vazou Na Braquiara - Ao Vivo; Mal Feito - Ao Vivo; Morena De Goiânia - Ao Vivo; Meu Número - Ao Vivo; Lembranças de Amor / Fogueira / Um Dia Te Levo Comigo - Ao Vivo
Ícaro e Gilmar,spotify:artist:6Wlvsn3IPHiZwAv02lB5eC,803300,sertanejo; sertanejo universitário; agronejo; sertanejo tradicional,79,Baqueado - Ao Vivo; 12 Horas / Pra Você Acreditar - Ao Vivo; Voltável - Ao Vivo; Tem Que Ser Você / O Que Combina Comigo É Você - Ao Vivo; Agora / Um Sonho Louco / Não Posso Ter Medo de Amar - Ao Vivo; Decida / Seu Amor Ainda É Tudo - Ao Vivo; Tudo Que Vai / Tempo Perdido - Ao Vivo; Sensível Demais / É Isso Aí - Ao Vivo; Duas Vezes Você / Nova York - Ao Vivo; 24 Horas de Amor / Só Dá Você na Minha Vida / Pense em Mim / Talismã (Ao Vivo)
MJ Records,spotify:artist:0oAZhL6hFrM3YRr6QzjlOf,35013,sertanejo; sertanejo universitário,79,Baqueado - Ao Vivo; Má Influência - Ao Vivo; Nos Bares da Cidade / Sem Direção - Ao Vivo; Um Dia Te Levo Comigo / Do Brasil à Argentina - Ao Vivo; Eu Te Seguro - Ao Vivo; Castigo / Mil Anos - Ao Vivo; Nem Dormindo Consigo Te Esquecer / Mil Corações - Ao Vivo; Frente a Frente / Só Pensando em Você - Ao Vivo; Fica Comigo / Mensagem pra Ela - Ao Vivo; Onde Anda Meu Amor / A Culpa É Sua - Ao Vivo
Murilo Huff,spotify:artist:3hq7WoPJsrRP0KMSLhUgRz,2434006,sertanejo; sertanejo universitário; arrocha; agronejo,79,Veneno - Ao Vivo; Deixa Eu - Ao Vivo; Mulher Sem Ciúme - Ao Vivo; Dois Enganados; Já Vai Sabendo - Ao Vivo; Me Ama Consciente - Ao Vivo; ACHOU QUE EU IA SER TROUXA - Ao Vivo; Peça Íntima; Anestesiado - Ao Vivo; Camisa de Força - Ao Vivo
Ferrugem,spotify:artist:5ZfBThYiIIhL7jHMG8gDB2,6250373,pagode; samba,79,Apaguei Pra Todos - Ao Vivo; Apagar (Fundo Raso); Duvido - Ao Vivo; Me Bloqueia (Ao Vivo); Ela - Ao Vivo; Eu não sou de me entregar; Pra você acreditar - Ao vivo; Sinais - Ao Vivo; Sinto sua falta - Ao vivo; Pirata e tesouro - Ao vivo
Mc Negão Original,spotify:artist:4LHTgACY32k94VDjenF0nP,1197978,brazilian funk; trap funk; funk consciente,79,Vou pela Madrugada; Ta Rico Os Menino Do Gueto 🍀; Pirocada Quente; Eu Até Gosto de Você; Comedinha Ficou Bravo; Medley de Igaratá 3; Boy Besta; Contagem Regressiva; Set Dj Gm 6.0; Medley de Igaratá 6
Felipe Amorim,spotify:artist:3CIIaeZuFYrAD6PRVyuO4U,3146143,piseiro; forró; arrocha; sertanejo; agronejo; brega,78,Eu Vou na Sua Casa; Amor Traumatizado; Medley Muído de Vaquejada - Desce do Cavalo / Balada do Vaqueiro / Monta Logo Vai / Calma / Senta No Fazendeiro / Deixa Ela Montar Na Minha Garupa / Botadão Do GW; Cama Embrasa; Coisas Que Eu Sei; Love Gostosinho - Ao Vivo; Ela Quer Sentar Pros Maloka; DENTRO DA LAND ROVER - Ao Vivo; Vou Passar Gelinho; Medley Canoa - Putaria no Escuro / Menina do Job / Escada do Prédio / Mal Caminho / Pede Que eu Te Dou
Lauana Prado,spotify:artist:6TYimByryGphZCtwYopH0y,5777962,sertanejo; sertanejo universitário,78,Saudade Burra - Ao Vivo; Camisola e Fio - Ao Vivo; Kamasutra - Ao Vivo; Haverá Sinais - Ao Vivo; Fetiche - Ao Vivo; Cobaia; Whisky Vagabund0 - Ao Vivo; Me Leva Pra Casa / Escrito Nas Estrelas / Saudade - Ao Vivo; Par De Olhos - Ao Vivo; Sombra Desconhecida - Ao Vivo
Wesley Safadão,spotify:artist:1AL2GKpmRrKXkYIcASuRFa,12238436,forró; sertanejo; piseiro; arrocha; sertanejo universitário; brega; seresta,78,Mentira Estampada; Mentirosa - Ao Vivo; Fazer Amor é Diferente de Amar - Ao Vivo; Laranjinha; Seis Cordas / Baião de Dois / Cavalo Lampião - Ao Vivo; DNA do Mato; Quatro Semanas de Amor / Não Me Julgue / Do Meu Jeito - Ao Vivo; Diga Sim pra Mim; Bipolar; Sede de Te Amar / Timidez - Ao Vivo
Sorriso Maroto,spotify:artist:1fUSLFr4WUBx7joEcGwpvG,3805991,pagode; samba,78,Apaguei Pra Todos - Ao Vivo; Fica com Deus - Ao Vivo; Ela - Ao Vivo; Sinais - Ao Vivo; Como Nunca Amei Ninguém / Por Tão Pouco - Ao Vivo; Ainda Gosto de Você / Já Era - Ao Vivo; 80 Anos - Ao Vivo; Me Olha Nos Olhos / Futuro Prometido / Não Tem Perdão - Ao Vivo; Pequenos Detalhes - Ao Vivo; Promessas - Ao Vivo
Mc Jhey,spotify:artist:34giN3qeTOdgDSJIdtIMdm,505114,phonk; brazilian funk; brazilian phonk,77,"MONTAGEM BAILÃO; SEQUÊNCIA FEITICEIRA; Nada Nada; Predador de Perereca; Nada Nada - Super Slowed; MONTAGEM BAILÃO - Slowed; SEM FRESCURA SEM PIRRACA, SEM MIMIMI; Nada Nada - Slowed; Ela é Profissional; MONTAGEM BAILÃO - Ultra Slowed"
NATTAN,spotify:artist:1SXhEXzOTF7YeuQX59m7pT,3729432,piseiro; forró; sertanejo; arrocha; brega; seresta,77,Pela Última Vez - Ao Vivo; Última Noite; Desapaixona Eu - Ao Vivo; Ama Ou Não Ama; Andar de Baixo - Ao Vivo; Love Gostosinho - Ao Vivo; Morena; DNA do Mato; Medley Canoa - Putaria no Escuro / Menina do Job / Escada do Prédio / Mal Caminho / Pede Que eu Te Dou; Eu Vou Sentar - Ao Vivo em São Paulo
MC Meno K,spotify:artist:1CbQrKvCpEnekM3QMGJtXK,254011,brazilian funk; funk carioca; brega funk,77,FAMOSINHA; Comedinha Ficou Bravo; Posso Até Não Te Dar Flores; CAVALINHO; Procedimento da Casa; Bebê se tu passar no teste; SEQUÊNCIA COLOCADÃO; THE BOX MEDLEY FUNK 4; Só Porque Eu Tenho Din; Vai Com Bundão
Luan Pereira,spotify:artist:5kVgcCdPbeUwxBqWxi2Ktl,3294135,agronejo; sertanejo; sertanejo universitário; piseiro,77,Vacilona - Ao Vivo; VOCÊ E SUA AMIGUINHA - Ao Vivo; NÃO ERA LOVE; Saveiro; Body Splash - Ao Vivo; ACHOU QUE EU IA SER TROUXA - Ao Vivo; APOSTAR EM VOCÊ - Ao Vivo; Em Cima do Peão; DENTRO DA LAND ROVER - Ao Vivo; Wi-Fi - Ao Vivo
DJ Japa NK,spotify:artist:1bpnl8qbR9GxmiNlkEufW6,243804,brazilian funk; trap funk; funk consciente,77,Vou pela Madrugada; Ta Rico Os Menino Do Gueto 🍀; Valentino; Sexta Feira Hoje Tem; Eu Até Gosto de Você; Comedinha Ficou Bravo; Medley de Igaratá 3; Baile do Panta; Posso Até Não Te Dar Flores; Nois não é Migo 2
Léo Foguete,spotify:artist:1DuBkL1pAgaZQHXKPiVr08,632577,forró; piseiro; sertanejo; arrocha; seresta; agronejo,76,Cópia Proibida; Última Noite - Solo; Última Noite; DONA - Ao Vivo; Beijo Beija-Flor; Sem Você; Acertada; Quem de Nós Dois - Ao Vivo; Inconfiável; Humilde
Humberto & Ronaldo,spotify:artist:1zEo6Fk1iaaOYFlFPBHCFn,1883176,sertanejo; sertanejo universitário; arrocha,76,12 Horas / Pra Você Acreditar - Ao Vivo; Tem Que Ser Você / O Que Combina Comigo É Você - Ao Vivo; Decida / Seu Amor Ainda É Tudo - Ao Vivo; Tudo Que Vai / Tempo Perdido - Ao Vivo; Romance - Ao Vivo; Mtg Quero Te Encontrar; Sensível Demais / É Isso Aí - Ao Vivo; Duas Vezes Você / Nova York - Ao Vivo; Cê Tá Doido - Ao Vivo; Antes de Voltar pra Casa / A Ferro e Fogo - Ao Vivo
Gustavo Mioto,spotify:artist:1X6ORK7IekgmyjV6IFPszP,7115666,sertanejo; sertanejo universitário; arrocha; agronejo,76,Nada Com Nada - Ao Vivo; Princesa - Ao Vivo; Anti Amor - Ao Vivo; ACHOU QUE EU IA SER TROUXA - Ao Vivo; Cama Embrasa; A Chance É Grande - Ao Vivo; Com Ou Sem Mim - Ao Vivo; Fronteira - Ao Vivo; Contramão - Ao Vivo; Solteiro Não Trai - Ao Vivo
PEDRO SAMPAIO,spotify:artist:5wbf52LA6kcaboHSN6NEF1,3047943,brazilian funk; funk pop; funk carioca; brega funk; brazilian pop,75,SEQUÊNCIA FEITICEIRA; ESCADA DO PRÉDIO; PERVERSA; SEQUÊNCIA STRIPTEASE; POCPOC; CAVALINHO; BOTA UM FUNK; Medley Canoa - Putaria no Escuro / Menina do Job / Escada do Prédio / Mal Caminho / Pede Que eu Te Dou; DANÇARINA; GALOPA
Clayton & Romário,spotify:artist:1tKrZaph4cLsnEdqC5BNEQ,707970,sertanejo; sertanejo universitário; agronejo; arrocha,75,Opa Cadê Eu - Ao Vivo; Se Eu Te Perdoar - Ao Vivo; Cachaçada - Ao Vivo; Desapaixona Eu - Ao Vivo; Sei Tocar Violão - Ao Vivo; Aproveita - Ao Vivo; Namorando Ou Não - Ao Vivo; Morena - Ao Vivo; Ai Eu Chorei - Ao Vivo; Desacelera Esse Passo - Ao Vivo
Felipe e Rodrigo,spotify:artist:7gZu6kPnY9enEi5FvgTO4F,519458,sertanejo; sertanejo universitário; agronejo,75,Caos De Alguém - Ao Vivo; Gosta De Rua - Ao Vivo; Melhor Me Bloquear - Ao Vivo; Pega O Beco - Ao Vivo; Não Dorme Mais - Ao Vivo; Oceano - Ao Vivo; Próximo Amor - Ao Vivo; Saudade Butequeira - Ao Vivo; Média Boa - Ao Vivo; Banquinho - Ao Vivo
Mc Livinho,spotify:artist:7me0S5Z40qVWj3gzyK8aC3,7982498,brazilian funk; funk carioca,75,Vidrado Em Você; MTG NA IMAGINAÇÃO - TOPO SESSIONS VOL. 1; Rebolando; Na Imaginação; MTG PASSA PASSA PRA EU SARRAR; Fazer Falta; Hoje Eu Vou Parar Na Gaiola; Ela Vem; Irmã Gostosa; Amor É Mentira
MC Jvila,spotify:artist:2f8xoxornfSw6ePzgyM9NO,291705,brazilian funk; trap funk; funk consciente,75,Vou pela Madrugada; Pirocada Quente; Olha pra Cara de Quem Te...; 365 Dias (Vida Mansa); 300 no 7; Toma Que Toma; Pantera; Ela Quer Se Bronzear; Quem Tem Transa; Pix ou Presente?
MC Nito,spotify:artist:0EOOwVUWdPElrXOJyKOiBw,33614,brazilian funk; funk carioca,74,Construção de Amor; Rabetão De Terremoto; THAINÁ THAINÁ; ME LIGOU NA MADRUGADA; Braba No Chá; Vem No Galope; Médio Versalico; Introdução em Dó Menor; Medley Putaria 4.0: Socadão / Deixa Rolar / Golada No Jack / Braba No Chá; Tropa dos não Rejeita
Guilherme & Benuto,spotify:artist:6m6e7D2TnV0aYMllFFwMxu,2003785,sertanejo; sertanejo universitário; agronejo; arrocha; piseiro,74,Grau de Maluca - Ao Vivo; Filho da Mãe - Ao Vivo; Manda um Oi - Ao Vivo; Quarto 67 - Ao Vivo; Haja Colírio (feat. Hugo & Guilherme) - Ao Vivo; Sujeito Homem - Ao Vivo; Torre Eiffel - Ao Vivo; Mesma Língua - Ao Vivo; Jogado Na Rua / Casa Amarela - Ao Vivo; Duas Três
DJ Guh Mix,spotify:artist:3zG4hHVlA4xIX5jwvOa2KD,151375,brazilian funk; trap funk; funk consciente,74,Vou pela Madrugada; Pirocada Quente; Medley de Igaratá 3; Medley de Igaratá 6; Angelotti; Quarto de Motel; Medley de Igaratá 4; A Nata; Toma Gostosona; Quando Você Ligou
BIN,spotify:artist:1WXbiUMl1AT9Inb619xPUg,2179345,brazilian trap; brazilian hip hop; trap funk; trap,73,Eu Vou na Sua Casa; Champagne; Saturno; Poesia Acústica #12 Pra Sempre; Marília Mendonça; Apê 1001; Penelope; Quase uma Semana; Carro Forte; Dior
Xand Avião,spotify:artist:43DRDu6nLSeIedZ7T1A616,3347117,forró; piseiro; sertanejo; arrocha; sertanejo universitário; brega,73,"Melzinho; Matadinha De Saudade - Ao Vivo; Medley Muído de Vaquejada - Desce do Cavalo / Balada do Vaqueiro / Monta Logo Vai / Calma / Senta No Fazendeiro / Deixa Ela Montar Na Minha Garupa / Botadão Do GW; Que Pancada de Mulher; Sede de Te Amar / Timidez - Ao Vivo; Nunca Mais - Ao Vivo; Balanço da Rede; Assunto Delicado - Ao Vivo; O Rei das Vaquejadas / Não Sou Vaqueiro / É o Boi, o Cavalo e o Vaqueiro / Cavaleiro Alado - Ao Vivo; Basta Você Me Ligar - Ao Vivo"
Danilo e Davi,spotify:artist:5DaqVKaxeqDbJuxaIP9m4u,247680,sertanejo; agronejo; sertanejo universitário,73,Apaga Apaga Apaga - Ao Vivo; Mudou O Texto; Você Me Persegue; Capivara; Estupidamente Gelada; Duvidoso; Isso Não é Ladrão; Tive Que Bater Palma - Ao Vivo; Fumo da Noite - Ao Vivo; Tá Namorando Pra Quê? - Ao Vivo
Matheus Fernandes,spotify:artist:37mqXU98U5GmH5ZDtlHM1c,928163,piseiro; sertanejo; pagode; forró; arrocha; sertanejo universitário,72,Grau de Maluca - Ao Vivo; Lapada Dela - Ao Vivo; Triplex - Ao Vivo; Balanço da Rede; PROJETO ANOS 2000 (Sequência do Pente / Copo de Vinho / Ela Só Pensa em Beijar / Devagarinho); Baby Me Atende - Ao Vivo; Altas Loucurinhas (Uni Duni Tê) - Ao Vivo; Casal De Solteiro - Ao Vivo; Botada à Luz de Velas - Ao Vivo; Coração Cachorro
DJ Ari SL,spotify:artist:3la3vRfIuDMsydpPfUBryR,34949,agronejo; sertanejo,71,Ama Um Maloqueiro; Tantão; Descer Pra BC; Passar de Camionete; Agora Eu Pego; NÓS TEM O DOM; Mega Funk da Gauchada; Agora Esquece; Cavalgada Braba; Fuego da Roça
Mc Pedrinho,spotify:artist:1etNnR2SdlelBQAICa2Q5m,4673000,brazilian funk,71,"Encosta na Parede; Set do G15 - A Revoada Começou; DANÇARINA; Eu Vou Te Pegar; Se Prepara 2; Gol Bolinha, Gol Quadrado 2; Patricinha; Bumbum Bate; Derrotas Pro Amor Ganhar (Ao Vivo); Bipolar"
Tropa da W&S,spotify:artist:1APqNiQUA2XpwLEbywSWmZ,25723,brazilian funk,71,DIA DELÍCIA; Encosta na Parede; Fui Mlk; DIA DELÍCIA - SLOWED; DIA DELÍCIA - Super Slowed; MTG QUERO VER SE VOCÊ TEM ATITUDE; Baby Eu Tava na Rua da Água; DIA DELÍCIA - Sped Up; Pode Me Bloquear; Ritmada Crazy
Dj Caio Vieira,spotify:artist:4Kv35Xnw1ODjO2nIHLhdBY,99175,brazilian funk; funk de bh,71,FAMOSINHA; Aventura Com as Paty; De Baixo Pra Cima; Terminei Com A Ex; Conselho da Minha Ex; Faz 10K e Dorme; Mtg Quando a Noite Cai; OCASIÃO; Direto pra Base; Se Gostou de Mim Fé
Kaique e Felipe,spotify:artist:0JRPF8WIKUtSO2IUYfrcuh,99992,sertanejo; agronejo; sertanejo universitário,71,Vacilona - Ao Vivo; Cachaçada - Ao Vivo; Me Ama Consciente - Ao Vivo; Saveiro; Eu Quero Ser Grato; Do Final Pro Começo (Another Love) - Ao Vivo; Só Vivendo; Caindo a Ficha - Ao Vivo; Solteiro Iniciante; Subterrâneo - Ao Vivo
Vitão,spotify:artist:06lnOkY99sXVW44Y0M4BDP,902199,brazilian pop; brazilian hip hop,70,Eu Vou na Sua Casa; Poesia Acústica #7 Céu Azul; Penelope; Flores; Sei Lá; Café; Embrasa; Cobertor - Remix; Complicado; Te Liguei
Malibu,spotify:artist:0PMk31f9Log4ixwUUY40p6,212291,pagode; brazilian pop,70,Eu Vou na Sua Casa; Cigana; Não Vai Embora; Penelope; Minha Arte; Algoritmo Íntimo; Pura Ilusão; Corda Bamba; Saudade de Falar de Amor; Só Quero Viajar
Léo Santana,spotify:artist:7KVJCU4z5L4EUHILL8aMxR,2436461,pagode baiano; axé; piseiro; pagode; arrocha; brazilian pop; brazilian funk; forró; sertanejo,70,"Desliza (""Ólhinho"" No Corpinho); Botecoterapia - Ao Vivo; Surra De Toma - Ao Vivo; Zona De Perigo; Perna Bamba; Posturado E Calmo; Cama Repetida; Contatinho - Ao Vivo; Áudio Que Te Entrega - Faixa Bônus; Golzinho Vermelho - Ao Vivo"
Vitinho Imperador,spotify:artist:6xrc4RXcso9uKlYWlIANPU,462244,piseiro; forró; arrocha; brega; sertanejo; seresta,69,Eu Me Apaixonei; Ela É Linda - Ao Vivo; Sem Limites para Sonhar; Pouca Roupa; Volta Rapariga; Baby Fala pra Mim; Se Rapariga Fosse Flor; Cria de Favela; Foge Comigo Agora; Cházinho da do Job
Rafa e Junior,spotify:artist:583d9476xT4d6A0pADiRJg,24621,agronejo; sertanejo; sertanejo universitário,69,"Ama Um Maloqueiro; Arrastadão; Só no Rolo; Mais um Beijo - Remix; Querendo Me Namorar; Mais um Beijo; Conspirou (Remix); O Cara Da Saveiro; Confusão - Na Bebura, Ao Vivo; Nó Em Pingo D'Agua - Na Bebura, Ao Vivo"
Diego & Arnaldo,spotify:artist:0CrGLmfVKzk9rAyiNb91ft,1519508,sertanejo; sertanejo universitário; agronejo,69,Vai Cair Água - Ao Vivo; Fala Comigo (Alô) / Onde Anda Meu Amor - Ao Vivo; Desconhecido - Ao Vivo; Relógio Parado (Ao Vivo); Disk Recaída - Ao Vivo; Último Adeus / Blusa Vermelha - Ao Vivo; Sofri em Dobro; Receita de Amar / O Amor Não é Paixão - Ao Vivo; Saudade / Desejo de Amar - Ao Vivo; De Igual Para Igual - Ao Vivo
Carol Biazin,spotify:artist:5dYdZmGyv2UTIN1XMe1drN,482940,brazilian pop; nova mpb,69,Amor Traumatizado; Que Pecado!; ligações de alma; real valor; Dilemas da vida moderna; Corações de Pedra; TE AMO SEM CULPA; AMAReSÓ; Raio X - Ao Vivo; BAGUNÇA
Dj Victor,spotify:artist:5kKzlgNRX8FgC6Bni5DNNC,529831,brazilian funk; funk consciente; trap funk,69,Pé na Areia; Sempre na Simplicidade; Mó Fita; Tchau Obrigado; Modo Esquece; Chuva de Verão (Modo Esquece); Sagaz; Saque Fantasma; Favela Win 3; SET DO DJ VICTOR 2
DJ TOPO,spotify:artist:0xj9MJx9r0wO2o4aqdergP,258372,brazilian funk,69,MTG NA IMAGINAÇÃO - TOPO SESSIONS VOL. 1; Na Imaginação; BATE VOLTA; MTG QUEM NÃO QUER SOU EU; MTG PASSA PASSA PRA EU SARRAR; Medley Putaria 4.0: Socadão / Deixa Rolar / Golada No Jack / Braba No Chá; PEDRIN; Comemoração; Sem Chantagem; Fala Que Me Ama É Cedo Demais X Vai Sentando Sem Compromisso
DJ DAVI DOGDOG,spotify:artist:5ffbqOCrcxCejQ7oqfWXm9,24814,brazilian funk; trap funk,69,Valentino; Bbzão da Boca Inchada; Ariano; Toma Seu 5 Min de Fama; Hoje É Papo de Festa; Guia do Trecho; Seu Cupido Errou Bye Bye Bye; O Que Eu Posso Fazer; Tô Chefe; Águia Anda Com Águia
MC Willian,spotify:artist:5eJi7nckPalxu8R7AAyfuO,20401,brazilian funk; funk consciente; trap funk,68,Vou pela Madrugada; Valentino; Quarto de Motel; Amiga Safada; Quarto Escuro; Na Onda da Balinha; Retalhos de Cetim; Tropa dos Raul 2.0; Glock Camuflada; Momentinho Privê
Talita Mel,spotify:artist:5wbSuC0q60AcyFwikoH8k3,37144,forró; piseiro; arrocha; sertanejo,67,Melzinho; Medley Muído de Vaquejada - Desce do Cavalo / Balada do Vaqueiro / Monta Logo Vai / Calma / Senta No Fazendeiro / Deixa Ela Montar Na Minha Garupa / Botadão Do GW; Vestidinho; Jogo do Desprezo; Teus Olhos; Além do Pós; Batom no Tom; Sufoco; Vagabundo - Ao Vivo; Talita Vida Louca
Vitor e Luan,spotify:artist:5hDZAExrfOVqKBLS8Ofyac,198865,sertanejo; sertanejo universitário; piseiro; arrocha,65,Cara da Serenata - Live; Cara da Serenata; Meio Mundo de Coração - Ao Vivo Em Brasília; Localiza Aí BB; Eu e Eu; Lucidez - Ao Vivo Em Brasília; Birinight; Quem Ta Solteira - Ao Vivo; Sofridas por Minuto - Ao Vivo; A Dor Desse Amor - Ao Vivo
Teko Bolado,spotify:artist:0hl7gXAUNmCr3cyhoE5Yga,19156,brega funk; brazilian funk,64,Encosta na Parede; Sabotaram Meu Copo Arrochadeira; Sobe Morro Desce Morro; BOM E NOVO; Eu Boto Ela Pede Soca; Achei Que Era Pagode ( Remix Arrochadeira ); Penelope; Com o Bundão - Arrochadeira; Te Uso e Jogo Fora; BUMBUM DE MOLA
Rizzi Get Busy,spotify:artist:4VlgWkOGAvRh8Ke38UvqgO,4287,brazilian funk,64,Encosta na Parede; Tentei Ser Good Vibes; BATE LEGAL; Era Só um Pesadelo; Pode me Bloquear - PHONK REMIX; Nota 10; Automotivo - PHONK REMIX; Fila Indiana - PHONK REMIX; Cadeado; Doismilitantos
Melody,spotify:artist:7ySZCEP4HFGckYYPK5rqFI,480464,piseiro; brazilian pop; agronejo; funk pop; sertanejo,64,"Desliza (""Ólhinho"" No Corpinho); Eu Vou Sentar - Ao Vivo em São Paulo; Pipoco; Macetinho; Love, Love; Se Não For Tu; Assalto Perigoso; Seu Amor; Mil Vezes - Remix; Barbie de Chapéu"
Luccas & Rodrigo,spotify:artist:76FeGERn9sCv607gktNjQh,18037,sertanejo; agronejo,63,Cara da Serenata - Live; Cara da Serenata; Coração Manhoso - Live; Céu na Terra - Live; Antes da Briga - Live; Ilude Gostoso - Live; Tipo Férias - Live; Cama Que Ela Esquenta - Live; Par Perfeito; Contato Físico
